id;full_name;date_of_birth;comments;created_at;updated_at
1;manage;2025-01-17T04:17:27;../fake-data/blob/hipster.txt;2025-01-17T06:21:04;2025-01-17T03:47:03
2;limply where;2025-01-17T02:26:59;../fake-data/blob/hipster.txt;2025-01-16T18:18:50;2025-01-16T19:04:24
3;alongside;2025-01-16T22:46:13;../fake-data/blob/hipster.txt;2025-01-17T14:32:29;2025-01-17T03:02:40
4;modulo dissemble;2025-01-17T13:53:31;../fake-data/blob/hipster.txt;2025-01-17T01:43:18;2025-01-17T05:40:02
5;alligator;2025-01-17T11:25:54;../fake-data/blob/hipster.txt;2025-01-17T03:57:15;2025-01-17T01:02:49
6;passport duh stack;2025-01-17T08:50:09;../fake-data/blob/hipster.txt;2025-01-17T03:06:46;2025-01-17T14:25:06
7;who switch magnificent;2025-01-16T21:05:47;../fake-data/blob/hipster.txt;2025-01-16T22:45:22;2025-01-16T22:48:25
8;whoa curry however;2025-01-16T22:24:55;../fake-data/blob/hipster.txt;2025-01-17T02:08:40;2025-01-17T11:28:20
9;bludgeon er;2025-01-17T12:44:06;../fake-data/blob/hipster.txt;2025-01-16T23:25:00;2025-01-17T11:51:49
10;meh cone too;2025-01-17T00:03:44;../fake-data/blob/hipster.txt;2025-01-16T23:45:46;2025-01-17T10:18:03
